{
  "route": [
    {
      "id": 1566498256949,
      "address": "Россия, Омск, улица Ленина, 12",
      "coords": [
        54.9857,
        73.374015
      ]
    },
    {
      "id": 1566497201733,
      "address": "Россия, Омск, улица Ленина, 5",
      "coords": [
        54.986232,
        73.374572
      ]
    }
  ]
}