{
  "route": [
    {
      "id": 1570439616733,
      "address": "Россия, Омск, улица Ленина, 25",
      "coords": [
        54.979077,
        73.377932
      ]
    },
    {
      "id": 1570439619087,
      "address": "Россия, Омск, улица Ленина, 5",
      "coords": [
        54.986232,
        73.374572
      ]
    },
    {
      "id": 1570439623917,
      "address": "Россия, Омск, улица Ленина, 1",
      "coords": [
        54.989641,
        73.3692
      ]
    }
  ]
}
