{
  "route": [
    {
      "id": 1566917812513,
      "address": "Россия, Омск, улица Ленина, 25",
      "coords": [
        54.979077,
        73.377932
      ]
    },
    {
      "id": 1566917822443,
      "address": "Россия, Омск, улица Ленина, 16",
      "coords": [
        54.984052,
        73.375048
      ]
    }
  ]
}