{
  "route": [
    {
      "id": 1566490249207,
      "address": "Россия, Омск, улица Ленина, 25",
      "coords": [
        54.979077,
        73.377932
      ]
    },
    {
      "id": 1566497201733,
      "address": "Россия, Омск, улица Ленина, 5",
      "coords": [
        54.986232,
        73.374572
      ]
    },
    {
      "id": 1566498256949,
      "address": "Россия, Омск, улица Ленина, 20",
      "coords": [
        54.981066,
        73.376782
      ]
    },
    {
      "id": 1566498193883,
      "address": "Россия, Омск, улица Дмитриева, 1/2",
      "coords": [
        54.986599,
        73.320727
      ]
    }
  ]
}