{
  "route": [
    {
      "id": 1566315103282,
      "address": "Россия, Омск",
      "coords": [
        54.989342,
        73.368212
      ]
    },
    {
      "id": 1566388114957,
      "address": "Россия, Краснодарский край, Сочи",
      "coords": [
        43.585525,
        39.723062
      ]
    },
    {
      "id": 1566315108607,
      "address": "Россия, Москва",
      "coords": [
        55.755814,
        37.617635
      ]
    },
    {
      "id": 1566315156555,
      "address": "Россия, Санкт-Петербург",
      "coords": [
        59.939095,
        30.315868
      ]
    }
  ]
}